title,article_html
﻿世界睡眠日丨失眠怎么办？学会这13招让你睡个好觉！,"<div class=""list_info_"">&#13;
                                <div class=""list_info_title"">&#13;
                                    &#19990;&#30028;&#30561;&#30496;&#26085;&#20008;&#22833;&#30496;&#24590;&#20040;&#21150;&#65311;&#23398;&#20250;&#36825;13&#25307;&#35753;&#20320;&#30561;&#20010;&#22909;&#35273;&#65281;&#13;
                                </div>&#13;
                                <div class=""list_info_info"">&#13;
                                    <p style=""text-align: center"">&#20170;&#24180;&#19990;&#30028;&#30561;&#30496;&#26085;&#30340;&#20027;&#39064;&#26159;<strong><span style=""font-size: 16px"">&#8220;&#35268;&#24459;&#20316;&#24687;&#65292;&#20581;&#24247;&#30561;&#30496;&#8221;</span></strong></p>&#13;
&#13;
<p style=""text-align: center"">&#160;</p>&#13;
&#13;
<p style=""text-align: center""><img alt="""" src=""./men_man/images/&#24494;&#20449;&#22270;&#29255;_20180323163556.jpg"" style=""width: 600px; height: 382px"" /></p>&#13;
&#13;
<p style=""text-align: center"">&#160;</p>&#13;
&#13;
<p style=""text-align: center"">&#20294;<strong><span style=""font-size: 20px"">&#22833;&#30496;</span></strong>&#21364;&#26159;&#24456;&#22810;&#20154;&#26368;&#33510;&#24700;&#30340;&#38382;&#39064;&#8212;&#8212;</p>&#13;
&#13;
<p style=""text-align: center"">&#25454;&#35843;&#26597;&#65292;<strong><span style=""font-size: 16px"">&#20013;&#22269;&#20027;&#35201;&#22478;&#24066;&#22833;&#30496;&#20154;&#32676;&#39640;&#36798;45 %&#65281;</span></strong></p>&#13;
&#13;
<p style=""text-align: center"">&#160;<img alt="""" src=""./men_man/images/1(156).jpg"" /></p>&#13;
&#13;
<p>&#160;</p>&#13;
&#13;
<p>&#22312;&#20170;&#22825;&#30340;&#20581;&#24247;&#22823;&#35762;&#22530;&#19978;&#65292;&#25105;&#38498;&#20020;&#24202;&#24515;&#29702;&#31185;&#20313;&#37329;&#40857;&#20027;&#20219;&#23601;&#26469;&#20026;&#22823;&#23478;&#35299;&#20915;&#22833;&#30496;&#30340;&#38382;&#39064;&#65292;&#21487;&#19981;&#26159;&#21333;&#32431;&#22320;&#21507;&#23433;&#30496;&#33647;&#21734;~</p>&#13;
&#13;
<p style=""text-align: center"">&#160;<img alt="""" src=""./men_man/images/2(127).jpg"" style=""width: 985px; height: 1200px"" /></p>&#13;
&#13;
<p align=""center"">&#160;</p>&#13;
&#13;
<p align=""center"">&#24191;&#24030;&#21307;&#31185;&#22823;&#23398;&#38468;&#23646;&#31532;&#19968;&#21307;&#38498;&#20020;&#24202;&#24515;&#29702;&#31185;&#20027;&#20219;</p>&#13;
&#13;
<p align=""center"">&#20013;&#21326;&#21307;&#23398;&#20250;&#24191;&#19996;&#30465;&#31934;&#31070;&#21307;&#23398;&#20998;&#20250;&#24120;&#22996;</p>&#13;
&#13;
<p align=""center"">&#24191;&#19996;&#30465;&#24515;&#29702;&#21355;&#29983;&#21327;&#20250;&#24120;&#21153;&#29702;&#20107;</p>&#13;
&#13;
<p align=""center"">&#24191;&#24030;&#24066;&#31934;&#31070;&#31185;&#21307;&#24072;&#21327;&#20250;&#21103;&#20027;&#22996;</p>&#13;
&#13;
<p align=""center"">&#24191;&#24030;&#24066;&#31361;&#21457;&#20844;&#20849;&#21355;&#29983;&#20107;&#20214;&#24515;&#29702;&#38450;&#25252;&#19987;&#23478;&#32452;&#25104;&#21592;</p>&#13;
&#13;
<p align=""center""><strong>&#20986;&#35786;&#26102;&#38388;&#65306;&#21608;&#19968;&#12289;&#21608;&#19977;&#12289;&#21608;&#22235;&#12289;&#21608;&#20116;&#20840;&#22825;&#65292;&#21608;&#20108;&#19978;&#21320;</strong></p>&#13;
&#13;
<p>&#160;</p>&#13;
&#13;
<p>&#20313;&#37329;&#40857;&#20027;&#20219;&#25512;&#33616;<strong><span style=""font-size: 16px"">&#35748;&#30693;&#34892;&#20026;&#27835;&#30103;&#22833;&#30496;</span></strong>&#65292;&#19981;&#20165;&#26377;&#21161;&#20110;&#24674;&#22797;&#27491;&#24120;&#30340;&#22823;&#33041;&#29983;&#29289;&#38047;&#65292;&#32531;&#35299;&#22833;&#30496;&#28966;&#34385;&#65292;&#32780;&#19988;&#36824;&#21487;&#20197;&#26377;&#25928;&#22320;&#39044;&#38450;&#22833;&#30496;&#12289;&#27835;&#30103;&#24930;&#24615;&#22833;&#30496;&#12289;&#25670;&#33073;&#23433;&#30496;&#33647;&#20381;&#36182;&#65281;</p>&#13;
&#13;
<p align=""center"">01</p>&#13;
&#13;
<p>&#26202;&#19978;&#19978;&#24202;&#26102;&#38388;&#19981;&#23452;&#22826;&#26202;&#65292;&#26356;&#19981;&#23452;&#22826;&#26089;&#65288;&#22240;&#20064;&#24815;&#12289;&#22320;&#26041;&#12289;&#24180;&#40836;&#32780;&#31245;&#35843;&#25972;&#65289;&#65292;&#26377;&#30561;&#24847;&#25165;&#19978;&#24202;&#12290;</p>&#13;
&#13;
<p align=""center"">02</p>&#13;
&#13;
<p>&#38500;&#20102;&#30561;&#30496;&#21644;&#24615;&#29983;&#27963;&#20197;&#22806;&#65292;&#19981;&#21487;&#20197;&#22312;&#24202;&#19978;&#20570;&#20854;&#23427;&#20107;&#24773;&#12290;&#65288;<strong><span style=""font-size: 16px"">&#30475;&#20070;&#30475;&#30005;&#24433;&#30475;&#30005;&#35270;&#29609;&#25163;&#26426;&#36890;&#36890;&#37117;&#19981;&#35201;</span></strong>&#65281;&#65289;</p>&#13;
&#13;
<p>&#160;</p>&#13;
&#13;
<p align=""center"">03</p>&#13;
&#13;
<p>&#38500;&#30561;&#35273;&#22806;&#65292;&#24179;&#26102;&#23613;&#37327;&#19981;&#35201;&#36827;&#30561;&#25151;&#65292;&#36825;&#26679;&#21487;&#20197;&#35753;&#24202;&#12289;&#30561;&#25151;&#21450;&#19978;&#24202;&#26102;&#38388;&#36825;&#19977;&#32773;&#19982;&#30561;&#30496;&#24418;&#25104;&#36830;&#25509;&#65292;&#24314;&#31435;&#26465;&#20214;&#21453;&#23556;&#12290;</p>&#13;
&#13;
<p>&#160;</p>&#13;
&#13;
<p align=""center"">04</p>&#13;
&#13;
<p>&#19981;&#35201;&#36924;&#33258;&#24049;&#20837;&#30561;&#65292;&#39034;&#20854;&#33258;&#28982;&#65292;&#19981;&#35201;&#32769;&#26159;&#30475;&#38393;&#38047;&#65292;&#21322;&#22812;&#37266;&#26469;&#26102;&#20063;&#26159;&#36825;&#26679;&#12290;<br />&#13;
&#160;</p>&#13;
&#13;
<p align=""center"">05</p>&#13;
&#13;
<p>&#26089;&#26216;&#20934;&#26102;&#36215;&#24202;&#65292;&#20197;&#32500;&#25345;&#29983;&#29289;&#38047;&#30340;&#31283;&#23450;&#12290;</p>&#13;
&#13;
<p>&#160;</p>&#13;
&#13;
<p align=""center"">06</p>&#13;
&#13;
<p>&#20013;&#21320;&#19981;&#23452;&#30561;&#22810;&#65292;&#20197;30&#20998;&#38047;&#20869;&#20026;&#23452;&#65292;&#26080;&#35770;&#22914;&#20309;&#19981;&#35201;&#36229;&#36807;45&#20998;&#38047;&#65292;&#20013;&#23567;&#23398;&#29983;&#19981;&#35201;&#36229;&#36807;1&#23567;&#26102;&#65292;&#23588;&#20854;&#35201;&#27880;&#24847;&#30340;&#26159;&#65306;&#26377;&#30561;&#27809;&#30561;&#37117;&#35201;&#36215;&#24202;&#12290;</p>&#13;
&#13;
<p>&#160;</p>&#13;
&#13;
<p align=""center"">07</p>&#13;
&#13;
<p>&#35201;&#38480;&#21046;&#22312;&#24202;&#19978;&#30340;&#26102;&#38388;&#65292;&#26080;&#35770;&#22914;&#20309;&#20063;&#19981;&#33021;&#36229;&#36807;&#22833;&#30496;&#21069;&#20320;&#30340;&#24635;&#30561;&#30496;&#26102;&#38388;&#12290;&#65288;<strong><span style=""font-size: 16px"">&#21608;&#26411;&#20551;&#26399;&#37117;&#19981;&#20363;&#22806;&#65281;&#65289;</span></strong></p>&#13;
&#13;
<p>&#160;</p>&#13;
&#13;
<p align=""center"">08</p>&#13;
&#13;
<p>&#20854;&#23427;&#26102;&#38388;&#24212;&#20445;&#25345;&#19968;&#31181;&#24456;&#28165;&#37266;&#12289;&#24456;&#31934;&#31070;&#30340;&#29366;&#24577;&#65292;&#36991;&#20813;&#23567;&#30561;&#12290;</p>&#13;
&#13;
<p>&#160;</p>&#13;
&#13;
<p align=""center"">09</p>&#13;
&#13;
<p>&#22914;&#26524;&#21069;&#19968;&#22825;&#26202;&#19978;&#27809;&#26377;&#30561;&#22909;&#65292;&#31532;&#20108;&#22825;&#20999;&#19981;&#21487;&#20197;&#34917;&#30561;&#12290;<br />&#13;
&#160;</p>&#13;
&#13;
<p align=""center"">10</p>&#13;
&#13;
<p>&#20837;&#30561;&#21069;&#65292;&#37325;&#35201;&#30340;&#20107;&#24773;&#25552;&#21069;&#24819;&#22909;&#65292;&#30561;&#21069;&#19981;&#23452;&#20174;&#20107;&#36807;&#24230;&#20852;&#22859;&#30340;&#27963;&#21160;&#65307;&#19981;&#23452;&#39278;&#37202;&#12289;&#21917;&#21654;&#21857;&#12289;&#21917;&#33590;&#65292;&#19981;&#23452;&#21507;&#38590;&#28040;&#21270;&#30340;&#39135;&#29289;&#65292;&#19981;&#23452;&#22823;&#37327;&#21917;&#27700;&#65292;&#21487;&#20197;&#21917;&#29275;&#22902;&#25110;&#21547;&#31958;&#30340;&#39135;&#29289;&#65307;&#22312;&#20837;&#30561;&#21069;&#21487;&#20197;&#36873;&#25321;&#28201;&#27700;&#28107;&#28020;&#65292;&#35753;&#25105;&#20204;&#30340;&#30561;&#30496;&#26377;&#31181;&#8220;&#20202;&#24335;&#24863;&#8221;&#12290;</p>&#13;
&#13;
<p>&#160;</p>&#13;
&#13;
<p align=""center"">11</p>&#13;
&#13;
<p>&#33829;&#36896;&#33391;&#22909;&#30340;&#30561;&#30496;&#29615;&#22659;&#65292;&#20363;&#22914;&#36873;&#25321;&#21512;&#36866;&#30340;&#20809;&#32447;&#65292;&#23433;&#38745;&#12289;&#20937;&#29245;&#12289;&#33298;&#36866;&#30340;&#29615;&#22659;&#12290;</p>&#13;
&#13;
<p>&#160;</p>&#13;
&#13;
<p align=""center"">12</p>&#13;
&#13;
<p>&#35748;&#30693;&#27835;&#30103;&#26041;&#38754;&#65292;&#35201;&#20570;&#21040;&#28040;&#38500;&#23545;&#30561;&#30496;&#30340;&#39038;&#34385;&#65292;&#38477;&#20302;&#23545;&#30561;&#30496;&#30340;&#26399;&#24453;&#65292;&#29702;&#24615;&#30475;&#24453;&#22833;&#30496;&#30340;&#21518;&#26524;&#65292;&#29702;&#24615;&#20998;&#26512;&#22833;&#30496;&#30340;&#21407;&#22240;&#65292;&#35201;&#21578;&#35785;&#33258;&#24049;&#8220;&#20808;&#33510;&#21518;&#29980;&#8221;&#65292;&#19981;&#35201;&#35753;&#33258;&#24049;&#30340;&#24773;&#32490;&#22833;&#25511;&#31561;&#12290;</p>&#13;
&#13;
<p>&#160;</p>&#13;
&#13;
<p align=""center"">13</p>&#13;
&#13;
<p><span style=""font-size: 16px""><strong>&#26862;&#30000;&#30103;&#27861;&#65306;&#20570;&#21040;5&#20010;&#22810;&#12289;5&#19981;&#35201;</strong></span></p>&#13;
&#13;
<p><span style=""font-size: 16px""><strong>5&#20010;&#22810;</strong></span>&#65306;&#22810;&#20570;&#20107;&#12289;&#22810;&#36816;&#21160;&#12289;&#22810;&#21435;&#29609;&#12289;&#22810;&#28857;&#20852;&#36259;&#29233;&#22909;&#12289;&#22810;&#19982;&#20154;&#20132;&#27969;&#12290;</p>&#13;
&#13;
<p><span style=""font-size: 16px""><strong>5&#19981;&#35201;</strong></span>&#65306;&#19981;&#35201;&#23545;&#33258;&#24049;&#35201;&#27714;&#22826;&#39640;&#12289;&#19981;&#35201;&#23545;&#36523;&#36793;&#20154;&#26399;&#26395;&#22826;&#39640;&#12289;&#19981;&#35201;&#23545;&#22806;&#30028;&#26399;&#26395;&#22826;&#39640;&#12289;&#23613;&#37327;&#19981;&#35201;&#19982;&#20182;&#20154;&#27604;&#36739;&#12289;&#19981;&#35201;&#22826;&#36807;&#23475;&#32670;&#12290;</p>&#13;
&#13;
<p style=""text-align: center"">&#160;<img alt="""" src=""./men_man/images/3(105).jpg"" style=""width: 1280px; height: 615px"" /></p>&#13;
&#13;
<p>&#160;</p>&#13;
&#13;
<p>&#25351;&#23548;&#19987;&#23478;&#65306;&#20020;&#24202;&#24515;&#29702;&#31185;&#20313;&#37329;&#40857;&#20027;&#20219;</p>&#13;
&#13;
<p>&#22270;&#65306;&#26469;&#28304;&#20110;&#32593;&#32476;&#22270;&#29255;</p>&#13;
&#13;
<p style=""text-align: center""><img alt="""" src=""./men_man/images/&#21307;&#38498;(6).jpg"" style=""width: 720px; height: 298px"" /></p>&#13;
                                </div>&#13;
                                <div style=""font-size:12px;text-align:right;"">&#21457;&#24067;&#26102;&#38388;&#65306;&#12304;2018-3-23&#12305;</div>&#13;
                            </div>&#13;
                            "
﻿生气时不要做10件事,"<div class=""list_info_"">&#13;
                                <div class=""list_info_title"">&#13;
                                    &#29983;&#27668;&#26102;&#19981;&#35201;&#20570;10&#20214;&#20107;&#13;
                                </div>&#13;
                                <div class=""list_info_info"">&#13;
                                    <p>&#8220;&#30385;&#30528;&#30473;&#12289;&#25733;&#30528;&#22068;&#12289;&#24352;&#22823;&#40763;&#23380;&#8221;&#65292;&#36825;&#26159;&#19968;&#24352;&#34987;&#30740;&#31350;&#35777;&#23454;&#19990;&#30028;&#36890;&#29992;&#30340;&#8220;&#24868;&#24594;&#33080;&#8221;&#12290;&#20439;&#35805;&#35828;&#8220;&#27668;&#22823;&#20260;&#36523;&#8221;&#65292;&#29983;&#27668;&#32473;&#36523;&#20307;&#24102;&#26469;&#30340;&#20260;&#23475;&#26159;&#20840;&#26041;&#20301;&#30340;&#65292;&#21364;&#24456;&#23569;&#26377;&#20154;&#33021;&#22312;&#24594;&#28779;&#20914;&#22836;&#30340;&#26102;&#20505;&#20570;&#21040;&#24515;&#24179;&#27668;&#21644;&#12290;&#36817;&#26085;&#65292;&#32654;&#22269;&#12298;&#36203;&#33452;&#39039;&#37038;&#25253;&#12299;&#21002;&#25991;&#24635;&#32467;&#29983;&#27668;&#26102;&#26368;&#19981;&#35813;&#20570;&#30340;10&#20214;&#20107;&#12290;</p>&#13;
&#13;
<p>&#24102;&#8220;&#27668;&#8221;&#20837;&#30561;&#12290;&#35199;&#26041;&#26377;&#21477;&#20439;&#35805;&#65306;&#8220;&#27704;&#36828;&#19981;&#35201;&#24102;&#30528;&#24594;&#27668;&#19978;&#24202;&#8221;&#12290;&#19968;&#39033;&#21457;&#34920;&#22312;&#32654;&#22269;&#12298;&#31070;&#32463;&#23398;&#26434;&#24535;&#12299;&#19978;&#30340;&#30740;&#31350;&#21457;&#29616;&#65292;&#19982;&#28165;&#37266;&#30340;&#29366;&#24577;&#30456;&#27604;&#65292;&#30561;&#30496;&#21487;&#33021;&#35753;&#20320;&#23545;&#31967;&#31957;&#32463;&#21382;&#30340;&#35760;&#24518;&#26356;&#21152;&#29282;&#22266;&#65292;&#37027;&#20123;&#35753;&#20320;&#24868;&#24594;&#30340;&#30011;&#38754;&#20250;&#26356;&#38271;&#20037;&#22320;&#20986;&#29616;&#12290;&#21335;&#20140;&#24066;&#24515;&#29702;&#21361;&#26426;&#24178;&#39044;&#20013;&#24515;&#20027;&#20219;&#24352;&#32431;&#34920;&#31034;&#65292;&#24102;&#30528;&#8220;&#27668;&#8221;&#20837;&#30561;&#65292;&#36824;&#20250;&#35753;&#20320;&#30340;&#24515;&#36339;&#21152;&#24555;&#65292;&#21628;&#21560;&#24613;&#20419;&#65292;&#23548;&#33268;&#22833;&#30496;&#25110;&#20005;&#37325;&#24433;&#21709;&#30561;&#30496;&#36136;&#37327;&#12290;&#22240;&#27492;&#35201;&#21578;&#35785;&#33258;&#24049;&#65292;&#26202;&#19978;&#29983;&#27668;&#30528;&#24613;&#20063;&#27809;&#29992;&#65292;&#20808;&#30561;&#20010;&#22909;&#35273;&#20859;&#31934;&#33988;&#38160;&#65292;&#26126;&#22825;&#20877;&#35828;&#12290;</p>&#13;
&#13;
<p>&#24102;&#30528;&#24868;&#24594;&#24320;&#36710;&#12290;&#32654;&#22269;&#21152;&#21033;&#31119;&#23612;&#20122;&#24030;&#20020;&#24202;&#24515;&#29702;&#23398;&#23478;&#22823;&#21355;&#8226;&#32435;&#26391;&#21338;&#22763;&#35828;&#65292;&#24868;&#24594;&#20043;&#26102;&#65292;&#20154;&#30340;&#35270;&#32447;&#20250;&#21464;&#24471;&#29421;&#31364;&#65292;&#24320;&#36710;&#26102;&#21487;&#33021;&#30475;&#19981;&#21040;&#34892;&#20154;&#21644;&#20854;&#20182;&#36710;&#36742;&#12290;&#30740;&#31350;&#35777;&#23454;&#65292;&#20154;&#22312;&#24868;&#24594;&#26102;&#24320;&#36710;&#20250;&#22686;&#21152;&#20132;&#36890;&#20107;&#25925;&#30340;&#21487;&#33021;&#24615;&#12290;&#19981;&#22952;&#21548;&#28857;&#33410;&#22863;&#32531;&#24930;&#12289;&#26354;&#35843;&#24551;&#20260;&#30340;&#25234;&#24773;&#27468;&#26354;&#65292;&#22240;&#20026;&#26377;&#30740;&#31350;&#21457;&#29616;&#65292;&#36825;&#26377;&#21161;&#20110;&#25226;&#20320;&#20174;&#27668;&#24868;&#20013;&#25289;&#22238;&#26469;&#65292;&#32780;&#22823;&#22768;&#25773;&#25918;&#24555;&#33410;&#22863;&#30340;&#38899;&#20048;&#65292;&#21453;&#32780;&#21487;&#33021;&#21152;&#37325;&#28902;&#36481;&#12290;</p>&#13;
&#13;
<p>&#23558;&#24594;&#28779;&#36716;&#21521;&#20182;&#20154;&#12290;&#29983;&#27963;&#20013;&#65292;&#19968;&#20018;&#24594;&#28779;&#24448;&#24448;&#20250;&#24341;&#21457;&#22810;&#20010;&#8220;&#36830;&#38145;&#21453;&#24212;&#8221;&#65292;&#23567;&#21040;&#23478;&#24237;&#29712;&#20107;&#65292;&#22823;&#21040;&#31038;&#20250;&#19978;&#39057;&#21457;&#30340;&#8220;&#36807;&#28608;&#26432;&#20154;&#8221;&#20107;&#20214;&#12290;&#24352;&#32431;&#34920;&#31034;&#65292;&#30636;&#38388;&#29190;&#21457;&#30340;&#24773;&#32490;&#30830;&#23454;&#38656;&#35201;&#36716;&#31227;&#65292;&#20294;&#21315;&#19975;&#21035;&#20877;&#25226;&#36825;&#20010;&#8220;&#38774;&#26631;&#8221;&#23545;&#20934;&#20182;&#20154;&#65292;&#23588;&#20854;&#26159;&#24369;&#21183;&#32676;&#20307;&#12290;&#21457;&#27844;&#19981;&#20102;&#26102;&#65292;&#19981;&#22952;&#20986;&#21435;&#36816;&#21160;&#65292;&#25110;&#29992;&#20987;&#25171;&#27801;&#34955;&#31561;&#26041;&#24335;&#24110;&#21161;&#24179;&#31283;&#24515;&#24773;&#12290;</p>&#13;
&#13;
<p>&#26292;&#39278;&#26292;&#39135;&#12290;&#22823;&#21507;&#19968;&#39039;&#21644;&#30127;&#29378;&#36141;&#29289;&#65292;&#26080;&#30097;&#26159;&#22899;&#20154;&#32531;&#35299;&#24773;&#32490;&#30340;&#20004;&#20010;&#27861;&#23453;&#65292;&#20294;&#24448;&#24448;&#21507;&#23436;&#12289;&#20080;&#23436;&#65292;&#24819;&#21040;&#33258;&#24049;&#30340;&#36523;&#26448;&#21644;&#21475;&#34955;&#21448;&#36861;&#24724;&#33707;&#21450;&#12290;&#30740;&#31350;&#21457;&#29616;&#65292;&#29983;&#27668;&#26102;&#20250;&#25668;&#20837;&#26356;&#22810;&#39640;&#27833;&#12289;&#39640;&#33026;&#32938;&#12289;&#39640;&#31958;&#30340;&#39135;&#29289;&#12290;&#38754;&#23545;&#36825;&#39039;&#31361;&#22914;&#20854;&#26469;&#21448;&#19981;&#20581;&#24247;&#30340;&#8220;&#22823;&#39184;&#8221;&#65292;&#28040;&#21270;&#31995;&#32479;&#21487;&#33021;&#21463;&#24433;&#21709;&#65292;&#23548;&#33268;&#33145;&#27899;&#25110;&#20415;&#31192;&#31561;&#38382;&#39064;&#12290;&#21507;&#22826;&#22810;&#36824;&#20250;&#23548;&#33268;&#33829;&#20859;&#36807;&#21097;&#65292;&#35753;&#20320;&#36523;&#26448;&#36208;&#26679;&#12290;</p>&#13;
&#13;
<p>&#32487;&#32493;&#20105;&#21557;&#12290;&#36234;&#26159;&#29983;&#27668;&#65292;&#36234;&#24819;&#20105;&#20010;&#36755;&#36194;&#12290;&#20107;&#23454;&#19978;&#65292;&#27492;&#26102;&#30340;&#20105;&#21557;&#26089;&#24050;&#33073;&#31163;&#20102;&#38382;&#39064;&#26412;&#36523;&#65292;&#21464;&#25104;&#20102;&#27627;&#26080;&#24847;&#20041;&#21448;&#24444;&#27492;&#20260;&#23475;&#30340;&#25351;&#36131;&#12290;&#32445;&#32422;&#24515;&#29702;&#23398;&#25945;&#25480;&#20811;&#37324;&#26031;&#27712;&#8226;M&#8226;&#33406;&#20262;&#35828;&#65292;&#29983;&#27668;&#26102;&#65292;&#20260;&#20154;&#30340;&#35805;&#24448;&#24448;&#33073;&#21475;&#32780;&#20986;&#12290;&#22240;&#27492;&#65292;&#19981;&#22952;&#20808;&#21387;&#20303;&#24594;&#28779;&#65292;&#26242;&#26102;&#33073;&#31163;&#20105;&#21557;&#29616;&#22330;&#65292;&#33457;&#20960;&#20998;&#38047;&#35753;&#33258;&#24049;&#30340;&#22836;&#33041;&#21644;&#36523;&#20307;&#20919;&#38745;&#19979;&#26469;&#65292;&#24179;&#38745;&#20043;&#21518;&#65292;&#20877;&#23601;&#20107;&#35770;&#20107;&#65292;&#20570;&#30495;&#27491;&#26377;&#20215;&#20540;&#30340;&#27807;&#36890;&#12290;</p>&#13;
&#13;
<p>&#21457;&#21638;&#21742;&#8220;&#24773;&#32490;&#36148;&#8221;&#12290;&#19968;&#26469;&#27668;&#23601;&#20064;&#24815;&#22312;&#24494;&#20449;&#12289;&#24494;&#21338;&#12289;QQ&#19978;&#8220;&#21638;&#21742;&#8221;&#21457;&#27844;&#65311;&#24352;&#32431;&#25552;&#37266;&#21040;&#65292;&#19981;&#32473;&#24773;&#32490;&#20986;&#21475;&#30830;&#23454;&#23481;&#26131;&#24971;&#20986;&#8220;&#20869;&#20260;&#8221;&#65292;&#20294;&#22312;&#31038;&#20132;&#32593;&#32476;&#19978;&#21457;&#8220;&#24773;&#32490;&#36148;&#8221;&#26102;&#65292;&#19968;&#23450;&#35201;&#36991;&#20813;&#25915;&#20987;&#12289;&#20398;&#36785;&#24615;&#35821;&#35328;&#12290;&#21457;&#24067;&#26102;&#19981;&#22952;&#35821;&#27668;&#27169;&#31946;&#20123;&#65292;&#21542;&#21017;&#24456;&#21487;&#33021;&#35825;&#21457;&#26032;&#19968;&#36718;&#20105;&#21557;&#12290;&#19982;&#20854;&#21457;&#19968;&#23553;&#28385;&#24576;&#24868;&#24594;&#30340;&#30005;&#23376;&#37038;&#20214;&#65292;&#19981;&#22914;&#25226;&#37027;&#20123;&#24868;&#24594;&#24819;&#27861;&#35760;&#19979;&#26469;&#65292;&#24110;&#21161;&#33258;&#24049;&#25972;&#29702;&#24605;&#36335;&#12290;</p>&#13;
&#13;
<p>&#21917;&#38391;&#37202;&#12290;&#19981;&#24320;&#24515;&#30340;&#20154;&#65292;&#24448;&#24448;&#20250;&#20986;&#29616;&#22312;&#37202;&#22330;&#19978;&#12290;&#20294;&#37202;&#31934;&#25110;&#35768;&#33021;&#40635;&#30201;&#20320;&#23545;&#30171;&#35273;&#30340;&#25935;&#24863;&#65292;&#21364;&#20063;&#20250;&#21152;&#37325;&#24868;&#24594;&#20043;&#28779;&#12290;&#32435;&#26391;&#21338;&#22763;&#35828;&#65292;&#37202;&#31934;&#20250;&#24433;&#21709;&#22823;&#33041;&#39069;&#21494;&#30340;&#21151;&#33021;&#65292;&#32780;&#39069;&#21494;&#36127;&#36131;&#25511;&#21046;&#31070;&#32463;&#20914;&#21160;&#65292;&#33021;&#38450;&#27490;&#25105;&#20204;&#21435;&#20260;&#23475;&#21035;&#20154;&#25110;&#33258;&#24049;&#65292;&#37202;&#31934;&#20250;&#35753;&#25105;&#20204;&#21464;&#24471;&#26356;&#21152;&#19981;&#29702;&#26234;&#65292;&#34892;&#20026;&#21464;&#24471;&#26356;&#20914;&#21160;&#65292;&#29978;&#33267;&#29359;&#26080;&#27861;&#24357;&#34917;&#30340;&#36807;&#38169;&#12290;</p>&#13;
&#13;
<p>&#24573;&#35270;&#34880;&#21387;&#12290;&#21457;&#34920;&#22312;&#12298;&#27431;&#27954;&#24515;&#33039;&#26434;&#24535;&#12299;&#19978;&#30340;&#19968;&#39033;&#30740;&#31350;&#21457;&#29616;&#65292;&#22312;&#24868;&#24594;&#24773;&#32490;&#29190;&#21457;&#21518;&#30340;2&#23567;&#26102;&#65292;&#20013;&#39118;&#30340;&#39118;&#38505;&#20250;&#22686;&#21152;3&#20493;&#65292;&#24515;&#33039;&#30149;&#31361;&#21457;&#39118;&#38505;&#21017;&#20250;&#22686;&#21152;5&#20493;&#65292;&#24050;&#26377;&#24515;&#33041;&#34880;&#31649;&#30142;&#30149;&#31361;&#21457;&#21490;&#30340;&#20154;&#65292;&#39118;&#38505;&#26356;&#39640;&#12290;&#21307;&#23398;&#21338;&#22763;&#24067;&#20848;&#24503;&#21033;&#8226;&#36125;&#23572;&#34920;&#31034;&#65292;&#22914;&#26524;&#20320;&#23646;&#20110;&#39640;&#34880;&#21387;&#24739;&#32773;&#25110;&#39640;&#34880;&#21387;&#39640;&#21361;&#20154;&#32676;&#65292;&#19968;&#23450;&#35201;&#30041;&#24847;&#33258;&#24049;&#30340;&#34880;&#21387;&#65292;&#23613;&#24555;&#21387;&#20303;&#24594;&#28779;&#12290;</p>&#13;
&#13;
<p>&#28145;&#24605;&#20869;&#30465;&#12290;&#8220;&#20154;&#22312;&#19981;&#24320;&#24515;&#26102;&#65292;&#38750;&#24120;&#23481;&#26131;&#38075;&#29275;&#35282;&#23574;&#65292;&#27492;&#26102;&#30340;&#8216;&#24847;&#35782;&#36890;&#36947;&#8217;&#21313;&#20998;&#29421;&#31364;&#12290;&#8221;&#24352;&#32431;&#34920;&#31034;&#65292;&#29983;&#27668;&#30340;&#20154;&#35748;&#27515;&#29702;&#65292;&#35273;&#24471;&#20840;&#19990;&#30028;&#37117;&#31449;&#22312;&#23545;&#26041;&#37027;&#19968;&#36793;&#65292;&#35748;&#20026;&#33258;&#24049;&#26159;&#26368;&#22823;&#30340;&#21463;&#23475;&#32773;&#12290;&#26377;&#20123;&#20154;&#29983;&#27668;&#24618;&#32618;&#23545;&#26041;&#65292;&#26377;&#20123;&#20154;&#21017;&#24688;&#24688;&#30456;&#21453;&#65292;&#35273;&#24471;&#19968;&#20999;&#37117;&#26159;&#33258;&#24049;&#30340;&#38169;&#12290;&#27492;&#26102;&#33258;&#30465;&#65292;&#24448;&#24448;&#26080;&#27861;&#23458;&#35266;&#35780;&#20215;&#33258;&#24049;&#65292;&#36824;&#23481;&#26131;&#21152;&#37325;&#23545;&#33258;&#25105;&#30340;&#19981;&#28385;&#65292;&#23548;&#33268;&#23545;&#33258;&#24049;&#26356;&#22833;&#26395;&#12290;</p>&#13;
&#13;
<p>&#20570;&#37325;&#22823;&#20915;&#23450;&#12290;&#20960;&#20046;&#32477;&#22823;&#22810;&#25968;&#22234;&#29359;&#37117;&#34920;&#31034;&#21518;&#24724;&#65306;&#33258;&#24049;&#22312;&#24868;&#24594;&#26102;&#65292;&#20570;&#20102;&#19981;&#29702;&#26234;&#30340;&#20915;&#23450;&#21644;&#34892;&#20026;&#65292;&#25165;&#23548;&#33268;&#24754;&#21095;&#30340;&#21457;&#29983;&#12290;&#20154;&#22312;&#24868;&#24594;&#26102;&#65292;&#29702;&#26234;&#24448;&#24448;&#34987;&#24773;&#32490;&#25152;&#21462;&#20195;&#65292;&#26080;&#27861;&#20570;&#20986;&#27491;&#30830;&#30340;&#21028;&#26029;&#12290;&#34429;&#28982;&#20063;&#26377;&#30740;&#31350;&#21457;&#29616;&#65292;&#29983;&#27668;&#26102;&#20570;&#20915;&#23450;&#65292;&#33021;&#22815;&#35753;&#20915;&#23450;&#26356;&#21152;&#26126;&#30830;&#12290;&#20294;&#22914;&#26524;&#28041;&#21450;&#21040;&#20154;&#29983;&#30340;&#37325;&#22823;&#20915;&#23450;&#25110;&#21487;&#33021;&#20260;&#23475;&#20182;&#20154;&#30340;&#65292;&#21153;&#24517;&#35201;&#24910;&#37325;&#32771;&#34385;&#65292;&#20197;&#20813;&#36861;&#24724;&#33707;&#21450;&#12290;</p>&#13;
&#13;
<p>&#36866;&#24230;&#30340;&#24773;&#32490;&#21457;&#27844;&#65292;&#23545;&#25105;&#20204;&#30340;&#36523;&#24515;&#20581;&#24247;&#26377;&#22909;&#22788;&#12290;&#20294;&#35832;&#22810;&#30740;&#31350;&#21457;&#29616;&#65292;&#23481;&#26131;&#29983;&#27668;&#12289;&#24868;&#24594;&#65292;&#23558;&#24341;&#21457;&#24456;&#22810;&#20581;&#24247;&#38382;&#39064;&#12290;&#32654;&#22269;&#29983;&#29702;&#23398;&#23478;&#29233;&#23572;&#29595;&#21338;&#22763;&#30740;&#31350;&#21457;&#29616;&#65292;&#29983;&#27668;10&#20998;&#38047;&#28040;&#32791;&#30340;&#20307;&#33021;&#30456;&#24403;&#20110;3000&#31859;&#36187;&#36305;&#12290;&#38271;&#26399;&#29983;&#27668;&#23481;&#26131;&#23548;&#33268;&#20869;&#20998;&#27852;&#21151;&#33021;&#32010;&#20081;&#65292;&#23427;&#23558;&#20260;&#23475;&#25105;&#20204;&#30340;&#22810;&#20010;&#22120;&#23448;&#65292;&#22686;&#21152;&#30284;&#30151;&#12289;&#20013;&#39118;&#31561;&#22810;&#31181;&#30142;&#30142;&#30149;&#30340;&#39118;&#38505;&#12290;&#29983;&#27668;&#20043;&#26102;&#65292;&#19987;&#23478;&#24314;&#35758;&#20570;&#21040;&#20197;&#19979;&#19977;&#28857;&#65306;</p>&#13;
&#13;
<p>&#39318;&#20808;&#65292;&#19977;&#27493;&#8220;&#27975;&#28781;&#8221;&#24594;&#28779;&#12290;&#32654;&#22269;&#32463;&#33829;&#24515;&#29702;&#23398;&#23478;&#27431;&#24265;&#8226;&#23588;&#37324;&#26031;&#25945;&#25480;&#25552;&#20986;&#19968;&#20010;&#24179;&#24515;&#38745;&#27668;&#30340;&#27861;&#21017;&#65306;&#19968;&#26159;&#38477;&#20302;&#22768;&#38899;&#65292;&#20108;&#26159;&#25918;&#24930;&#35821;&#36895;&#65292;&#19977;&#26159;&#33016;&#37096;&#25402;&#30452;&#12290;&#24868;&#24594;&#26159;&#19968;&#32929;&#21521;&#19978;&#21319;&#33150;&#30340;&#21147;&#37327;&#65292;&#32780;&#33016;&#37096;&#25402;&#30452;&#21017;&#21487;&#20197;&#36991;&#20813;&#21636;&#21636;&#36924;&#20154;&#65292;&#33258;&#24049;&#30340;&#32954;&#37096;&#20063;&#33021;&#21560;&#20837;&#26356;&#22810;&#27687;&#27668;&#65292;&#26377;&#21033;&#20110;&#32531;&#35299;&#32039;&#24352;&#27668;&#27675;&#12290;&#27492;&#22806;&#65292;&#29983;&#27668;&#26102;&#65292;&#28145;&#21628;&#21560;&#20960;&#20998;&#38047;&#12289;&#31163;&#24320;&#20105;&#21557;&#29616;&#22330;&#31561;&#26041;&#27861;&#20063;&#33021;&#24110;&#21161;&#25511;&#21046;&#24773;&#32490;&#12290;</p>&#13;
&#13;
<p>&#20854;&#27425;&#65292;&#23547;&#25214;&#33258;&#24049;&#30340;&#8220;&#24773;&#32490;&#22320;&#22270;&#8221;&#12290;&#24352;&#32431;&#34920;&#31034;&#65292;&#24773;&#32490;&#20063;&#26377;&#8220;&#38452;&#38451;&#8221;&#20043;&#20998;&#65292;&#8220;&#38452;&#24615;&#8221;&#30340;&#20154;&#29983;&#27668;&#26102;&#24448;&#24448;&#36131;&#24618;&#33258;&#24049;&#65292;&#24120;&#34920;&#29616;&#29983;&#38391;&#27668;&#12289;&#25233;&#37057;&#12289;&#19981;&#23433;&#65292;&#35748;&#20026;&#37117;&#26159;&#33258;&#24049;&#30340;&#38169;&#65292;&#32780;&#8220;&#38451;&#24615;&#8221;&#30340;&#20154;&#21017;&#22810;&#35748;&#20026;&#26159;&#21035;&#20154;&#30340;&#38169;&#65292;&#24448;&#24448;&#26292;&#36481;&#12289;&#26131;&#24594;&#12289;&#20855;&#26377;&#25915;&#20987;&#24615;&#12290;&#25105;&#20204;&#35201;&#23519;&#35273;&#33258;&#24049;&#23646;&#20110;&#20160;&#20040;&#24773;&#32490;&#31867;&#22411;&#65292;&#21162;&#21147;&#23547;&#25214;&#21040;&#33258;&#24049;&#30340;&#8220;&#24773;&#32490;&#22320;&#22270;&#8221;&#65292;&#24182;&#25214;&#21040;&#36866;&#21512;&#33258;&#24049;&#30340;&#22788;&#29702;&#27169;&#24335;&#12290;</p>&#13;
&#13;
<p>&#20877;&#27425;&#65292;&#20174;&#26681;&#28304;&#19978;&#35299;&#20915;&#12290;&#24456;&#22810;&#26102;&#20505;&#65292;&#35753;&#20320;&#19981;&#24320;&#24515;&#30340;&#20107;&#24773;&#20165;&#26159;&#34920;&#35937;&#65292;&#23427;&#21487;&#33021;&#19982;&#20320;&#20869;&#24515;&#28145;&#22788;&#30340;&#33258;&#21329;&#12289;&#23241;&#22930;&#31561;&#23494;&#20999;&#30456;&#20851;&#12290;&#22312;&#24868;&#24594;&#36807;&#21518;&#65292;&#19981;&#22952;&#20877;&#38745;&#19979;&#26469;&#28145;&#20837;&#24605;&#32771;&#65292;&#20174;&#26681;&#28304;&#19978;&#20837;&#25163;&#12290;<br />&#13;
&#160;</p>&#13;
&#13;
<p>&#65288;&#26469;&#28304;&#65306;&#29983;&#21629;&#26102;&#25253;&#65289;</p>&#13;
                                </div>&#13;
                                <div style=""font-size:12px;text-align:right;"">&#21457;&#24067;&#26102;&#38388;&#65306;&#12304;2014-11-28&#12305;</div>&#13;
                            </div>&#13;
                            "
﻿幸福靠自己 8大心理让你快乐,"<div class=""list_info_"">&#13;
                                <div class=""list_info_title"">&#13;
                                    &#24184;&#31119;&#38752;&#33258;&#24049; 8&#22823;&#24515;&#29702;&#35753;&#20320;&#24555;&#20048;&#13;
                                </div>&#13;
                                <div class=""list_info_info"">&#13;
                                    <p>&#13;
	&#20309;&#24517;&#20026;&#30171;&#33510;&#30340;&#24724;&#24680;&#32780;&#22833;&#21435;&#29616;&#22312;&#30340;&#24515;&#24773;&#12290;&#20598;&#23572;&#30340;&#25265;&#24616;&#21457;&#27844;&#19968;&#19979;&#65292;&#20063;&#26159;&#21313;&#20998;&#24517;&#35201;&#30340;&#65292;&#20294;&#26159;&#26080;&#20241;&#27490;&#30340;&#25265;&#24616;&#21482;&#20250;&#22686;&#28155;&#28902;&#24700;&#65292;&#21482;&#33021;&#21521;&#21035;&#20154;&#26174;&#31034;&#33258;&#24049;&#30340;&#26080;&#33021;&#65292;&#25265;&#24616;&#26159;&#19968;&#31181;&#33268;&#21629;&#30340;&#28040;&#26497;&#24515;&#24577;&#65292;&#19968;&#26086;&#33258;&#24049;&#30340;&#25265;&#24616;&#25104;&#20026;&#24694;&#20064;&#37027;&#20040;&#20154;&#29983;&#23601;&#20250;&#26263;&#26080;&#22825;&#26085;&#65292;&#19981;&#20165;&#33258;&#24049;&#22909;&#24515;&#22659;&#20840;&#26080;&#65292;&#32780;&#19988;&#21035;&#20154;&#36319;&#30528;&#20063;&#20498;&#38665;&#12290;</p>&#13;
<p>&#13;
	<strong>&#31532;&#19968;&#20010;&#23433;&#24944;&#65306;&#26368;&#37325;&#35201;&#30340;&#26159;&#20170;&#22825;&#30340;&#24515;&#24773;</strong></p>&#13;
<p>&#13;
	&#20309;&#24517;&#20026;&#30171;&#33510;&#30340;&#24724;&#24680;&#32780;&#22833;&#21435;&#29616;&#22312;&#30340;&#24515;&#24773;&#65292;&#20309;&#24517;&#20026;&#33707;&#21517;&#30340;&#24551;&#34385;&#32780;&#24822;&#24822;&#19981;&#21487;&#32456;&#26085;&#12290;&#36807;&#21435;&#30340;&#24050;&#32463;&#19968;&#21435;&#19981;&#22797;&#36820;&#20102;&#65292;&#20877;&#24590;&#20040;&#24724;&#24680;&#20063;&#26159;&#26080;&#27982;&#20110;&#20107;&#12290;&#26410;&#26469;&#30340;&#36824;&#26159;&#21487;&#26395;&#32780;&#19981;&#21487;&#21450;&#65292;&#20877;&#24590;&#20040;&#24551;&#34385;&#20063;&#26159;&#20250;&#31354;&#24754;&#20260;&#30340;&#12290;&#20170;&#22825;&#24515;&#65292;&#20170;&#26085;&#20107;&#21644;&#29616;&#22312;&#20154;&#65292;&#21364;&#26159;&#23454;&#23454;&#22312;&#22312;&#30340;&#65292;&#20063;&#26159;&#24863;&#35273;&#32654;&#22909;&#30340;&#12290;&#24403;&#28982;&#65292;&#36807;&#21435;&#30340;&#32463;&#39564;&#35201;&#24635;&#32467;&#65292;&#26410;&#26469;&#30340;&#39118;&#38505;&#35201;&#39044;&#38450;&#65292;&#36825;&#25165;&#26159;&#26234;&#24935;&#30340;&#12290;</p>&#13;
<p>&#13;
	&#26152;&#22825;&#24050;&#32463;&#36807;&#21435;&#65292;&#32780;&#26126;&#22825;&#36824;&#27809;&#26377;&#26469;&#21040;&#65292;&#20170;&#22825;&#26159;&#30495;&#23454;&#30340;&#12290;</p>&#13;
<p>&#13;
	<strong>&#31532;&#20108;&#20010;&#23433;&#24944;&#65306;&#33258;&#24049;&#30340;&#24515;&#30171;&#21482;&#33021;&#33258;&#24049;&#30103;</strong></p>&#13;
<p>&#13;
	&#20309;&#24517;&#20026;&#30171;&#33510;&#30340;&#24724;&#24680;&#32780;&#22833;&#21435;&#29616;&#22312;&#30340;&#24515;&#24773;&#12290;&#20598;&#23572;&#30340;&#25265;&#24616;&#21457;&#27844;&#19968;&#19979;&#65292;&#20063;&#26159;&#21313;&#20998;&#24517;&#35201;&#30340;&#65292;&#20294;&#26159;&#26080;&#20241;&#27490;&#30340;&#25265;&#24616;&#21482;&#20250;&#22686;&#28155;&#28902;&#24700;&#65292;&#21482;&#33021;&#21521;&#21035;&#20154;&#26174;&#31034;&#33258;&#24049;&#30340;&#26080;&#33021;&#65292;&#25265;&#24616;&#26159;&#19968;&#31181;&#33268;&#21629;&#30340;&#28040;&#26497;&#24515;&#24577;&#65292;&#19968;&#26086;&#33258;&#24049;&#30340;&#25265;&#24616;&#25104;&#20026;&#24694;&#20064;&#37027;&#20040;&#20154;&#29983;&#23601;&#20250;&#26263;&#26080;&#22825;&#26085;&#65292;&#19981;&#20165;&#33258;&#24049;&#22909;&#24515;&#22659;&#20840;&#26080;&#65292;&#32780;&#19988;&#21035;&#20154;&#36319;&#30528;&#20063;&#20498;&#38665;&#12290;</p>&#13;
<p>&#13;
	&#25265;&#24616;&#27809;&#26377;&#22909;&#22788;&#65292;&#20048;&#35266;&#25165;&#26159;&#26368;&#37325;&#35201;&#30340;&#12290;</p>&#13;
<p>&#13;
	<strong>&#31532;&#19977;&#20010;&#23433;&#24944;&#65306;&#22909;&#24515;&#22659;&#26159;&#33258;&#24049;&#21019;&#36896;&#30340;</strong></p>&#13;
<p>&#13;
	&#25105;&#20204;&#24120;&#24120;&#26080;&#27861;&#21435;&#25913;&#21464;&#21035;&#20154;&#30340;&#30475;&#27861;&#65292;&#33021;&#25913;&#21464;&#30340;&#24688;&#24688;&#21482;&#26377;&#25105;&#20204;&#33258;&#24049;&#12290;&#22351;&#30340;&#29983;&#27963;&#19981;&#22312;&#20110;&#21035;&#20154;&#30340;&#32618;&#24694;&#65292;&#32780;&#22312;&#20110;&#25105;&#20204;&#30340;&#24515;&#24773;&#21464;&#24471;&#24694;&#21155;&#12290;&#35753;&#29983;&#27963;&#21464;&#22909;&#30340;&#37329;&#38053;&#21273;&#19981;&#22312;&#21035;&#20154;&#25163;&#37324;&#65292;&#25918;&#24323;&#25105;&#20204;&#30340;&#24616;&#24680;&#21644;&#21497;&#24687;&#65292;&#32654;&#22909;&#29983;&#27963;&#23601;&#22402;&#25163;&#21487;&#24471;&#12290;&#25105;&#20204;&#20027;&#35266;&#19978;&#26412;&#24819;&#22909;&#22909;&#29983;&#27963;&#65292;&#21487;&#26159;&#23458;&#35266;&#19978;&#21364;&#27809;&#26377;&#22909;&#30340;&#29983;&#27963;&#65292;&#20854;&#21407;&#22240;&#26159;&#24635;&#24819;&#31561;&#24453;&#21035;&#20154;&#26469;&#25913;&#21892;&#29983;&#27963;&#65292;&#19981;&#35201;&#25351;&#26395;&#25913;&#21464;&#21035;&#20154;&#65292;&#33258;&#24049;&#20570;&#29983;&#27963;&#30340;&#20027;&#20154;&#12290;</p>&#13;
<p>&#13;
	<strong>&#31532;&#22235;&#20010;&#23433;&#24944;&#65306;&#29992;&#24515;&#20570;&#33258;&#24049;&#35813;&#20570;&#30340;&#20107;</strong></p>&#13;
<p>&#13;
	&#20154;&#29983;&#26159;&#22914;&#27492;&#30340;&#30701;&#26242;&#65292;&#21738;&#20154;&#24515;&#24605;&#21435;&#28010;&#36153;&#21602;&#65311;&#26377;&#26234;&#24935;&#30340;&#21746;&#20154;&#26366;&#32463;&#35828;&#36807;&#65306;&#22823;&#34903;&#19978;&#26377;&#20154;&#39554;&#25105;&#65292;&#25105;&#26159;&#36830;&#22836;&#20063;&#19981;&#22238;&#30340;&#65292;&#26681;&#26412;&#19981;&#24819;&#30693;&#36947;&#36825;&#20010;&#26080;&#32842;&#20043;&#20154;&#65281;&#25105;&#20204;&#26082;&#19981;&#35201;&#21435;&#20260;&#23475;&#20154;&#23478;&#65292;&#20063;&#19981;&#35201;&#34987;&#21035;&#20154;&#30340;&#25209;&#35780;&#24038;&#21491;&#65292;&#36824;&#26159;&#25353;&#29031;&#33258;&#24049;&#30340;&#24895;&#26395;&#65292;&#20808;&#36367;&#36367;&#23454;&#23454;&#23398;&#22909;&#26412;&#39046;&#20877;&#35828;&#12290;</p>&#13;
<p>&#13;
	&#29305;&#21035;&#26159;&#22312;&#23569;&#24180;&#26102;&#35201;&#20840;&#21147;&#20197;&#36212;&#23398;&#26412;&#39046;&#65292;&#19981;&#35201;&#20998;&#24515;&#12290;</p>&#13;
<p>&#13;
	<strong>&#31532;&#20116;&#20010;&#23433;&#24944;&#65306;&#21035;&#24635;&#26159;&#33258;&#24049;&#36319;&#33258;&#24049;&#36807;&#19981;&#21435;</strong></p>&#13;
<p>&#13;
	&#23398;&#20250;&#33258;&#24049;&#27427;&#36175;&#33258;&#24049;&#65292;&#31561;&#20110;&#25317;&#26377;&#20102;&#33719;&#21462;&#24555;&#20048;&#30340;&#37329;&#38053;&#21273;&#65292;&#27427;&#36175;&#33258;&#24049;&#19981;&#26159;&#23396;&#33459;&#33258;&#36175;&#65292;&#27427;&#36175;&#33258;&#24049;&#19981;&#26159;&#21807;&#25105;&#29420;&#23562;&#65292;&#27427;&#36175;&#33258;&#24049;&#19981;&#26159;&#33258;&#25105;&#38518;&#37257;&#65292;&#27427;&#36175;&#33258;&#24049;&#26356;&#19981;&#26159;&#22266;&#27493;&#33258;&#23553;&#8230;&#8230;&#33258;&#24049;&#32473;&#33258;&#24049;&#19968;&#20123;&#33258;&#20449;&#65292;&#33258;&#24049;&#32473;&#33258;&#24049;&#19968;&#28857;&#24841;&#24555;&#65292;&#33258;&#24049;&#32473;&#33258;&#24049;&#19968;&#33080;&#24494;&#31505;&#65292;&#20309;&#24833;&#27809;&#26377;&#20154;&#29983;&#30340;&#24555;&#20048;&#21602;?</p>&#13;
<p>&#13;
	&#32463;&#24120;&#35201;&#33258;&#24049;&#32473;&#33258;&#24049;&#36807;&#33410;&#65292;&#23398;&#20250;&#23547;&#25214;&#24841;&#24742;&#30340;&#24515;&#24773;&#12290;</p>&#13;
<p>&#13;
	<strong>&#31532;&#20845;&#20010;&#23433;&#24944;&#65306;&#19981;&#35201;&#36861;&#36880;&#19990;&#20439;&#30340;&#33635;&#35465;</strong></p>&#13;
<p>&#13;
	&#32456;&#29983;&#23547;&#25214;&#25152;&#35859;&#21035;&#20154;&#35748;&#21487;&#30340;&#19996;&#35199;&#65292;&#20250;&#27704;&#36828;&#30171;&#22833;&#33258;&#24049;&#30340;&#24555;&#20048;&#21644;&#24184;&#31119;&#12290;&#24248;&#20439;&#30340;&#35780;&#35770;&#20250;&#28270;&#28781;&#33258;&#24049;&#30340;&#20010;&#24615;&#65292;&#19990;&#20439;&#30340;&#25351;&#28857;&#20250;&#35753;&#33258;&#24049;&#19981;&#30693;&#25152;&#25514;&#12290;&#20026;&#38065;&#32780;&#38065;&#20351;&#33258;&#24049;&#20845;&#20146;&#19981;&#35748;&#65292;&#20026;&#26435;&#32780;&#26435;&#20250;&#20351;&#33258;&#24049;&#32966;&#22823;&#22916;&#20026;&#65292;&#20026;&#21517;&#32780;&#21517;&#20250;&#20351;&#33258;&#24049;&#24039;&#21462;&#24378;&#22842;&#65292;&#30495;&#23454;&#30340;&#25105;&#22312;&#21051;&#24847;&#30340;&#36861;&#36880;&#20043;&#20013;&#65292;&#20250;&#21464;&#25104;&#19968;&#24352;&#24352;&#30862;&#29255;&#38543;&#39118;&#39128;&#25196;&#65292;&#19990;&#20439;&#30340;&#25105;&#24050;&#21464;&#24471;&#38754;&#30446;&#21487;&#24974;&#12290;</p>&#13;
<p>&#13;
	&#24471;&#21040;&#20102;&#23194;&#20439;&#65292;&#22833;&#21435;&#20102;&#30495;&#23454;&#65292;&#35201;&#22362;&#23450;&#20449;&#24515;&#65292;&#25317;&#26377;&#33258;&#25105;&#12290;</p>&#13;
<p>&#13;
	<strong>&#31532;&#19971;&#20010;&#23433;&#24944;&#65306;&#26497;&#31471;&#19981;&#21487;&#21462;</strong></p>&#13;
<p>&#13;
	&#26377;&#20123;&#20154;&#24120;&#24120;&#22240;&#20026;&#24551;&#34385;&#36807;&#24230;&#65292;&#32780;&#23548;&#33268;&#33258;&#24049;&#31934;&#31070;&#22833;&#24120;&#65292;&#26377;&#20123;&#20154;&#21364;&#22240;&#20026;&#40635;&#26408;&#19981;&#20161;&#65292;&#36896;&#25104;&#33258;&#24049;&#23545;&#20219;&#20309;&#20107;&#24773;&#37117;&#26080;&#21160;&#20110;&#34935;&#12290;&#21069;&#32773;&#24120;&#20026;&#23547;&#25214;&#29702;&#24615;&#32780;&#30171;&#33510;&#65292;&#22240;&#32874;&#26126;&#36807;&#22836;&#32780;&#34928;&#65292;&#24858;&#34850;&#30340;&#26681;&#28304;&#22312;&#20110;&#20160;&#20040;&#37117;&#25034;&#24724;&#12290;&#21518;&#37117;&#19981;&#30693;&#24724;&#24680;&#20026;&#20309;&#29289;&#65292;&#25972;&#22825;&#31232;&#37324;&#31946;&#28034;&#22320;&#29983;&#27963;&#65292;&#27963;&#30528;&#19982;&#27515;&#21435;&#27809;&#26377;&#20160;&#20040;&#21306;&#21035;&#12290;</p>&#13;
<p>&#13;
	&#36208;&#26497;&#31471;&#24635;&#26159;&#24808;&#36973;&#22833;&#36133;&#65292;&#23547;&#25214;&#20154;&#29983;&#30340;&#26234;&#24935;&#12290;</p>&#13;
<p>&#13;
	<strong>&#31532;&#20843;&#20010;&#23433;&#24944;&#65306;&#27880;&#24847;&#19981;&#35201;&#27963;&#24471;&#22826;&#32047;</strong></p>&#13;
<p>&#13;
	&#24120;&#26377;&#20154;&#24863;&#21497;&#65292;&#27963;&#24471;&#30495;&#32047;&#12290;&#32047;&#65292;&#26159;&#31934;&#31070;&#19978;&#30340;&#21387;&#21147;&#22823;;&#32047;&#65292;&#26159;&#24515;&#29702;&#19978;&#30340;&#36127;&#25285;&#37325;&#12290;&#32047;&#19982;&#19981;&#32047;&#24635;&#26159;&#30456;&#23545;&#30340;&#65292;&#35201;&#24819;&#19981;&#32047;&#65292;&#23601;&#35201;&#23398;&#20250;&#25918;&#26494;&#65292;&#29983;&#27963;&#36149;&#22312;&#26377;&#24352;&#26377;&#39536;&#12290;&#24515;&#32047;&#65292;&#20351;&#20154;&#38271;&#26399;&#38519;&#20110;&#20122;&#20581;&#24247;&#29366;&#24577;&#65307;&#24515;&#32047;&#65292;&#20250;&#20351;&#33258;&#24049;&#31934;&#31070;&#19981;&#25391;&#12290;</p>&#13;
<p>&#13;
	&#24515;&#21035;&#22826;&#32047;&#65292;&#23398;&#20250;&#35299;&#33073;&#33258;&#24049;&#12290;</p>&#13;
<p>&#13;
	&#160;</p>&#13;
<p>&#13;
	&#65288;&#26469;&#28304;&#65306;&#20964;&#20976;&#32593;&#20581;&#24247;&#35770;&#22363;&#65289;</p>&#13;
<p>&#13;
	&#160;</p>&#13;
                                </div>&#13;
                                <div style=""font-size:12px;text-align:right;"">&#21457;&#24067;&#26102;&#38388;&#65306;&#12304;2014-1-14&#12305;</div>&#13;
                            </div>&#13;
                            "
﻿老年人健康新标准：没病还要乐观,"<div class=""list_info_"">&#13;
                                <div class=""list_info_title"">&#13;
                                    &#32769;&#24180;&#20154;&#20581;&#24247;&#26032;&#26631;&#20934;&#65306;&#27809;&#30149;&#36824;&#35201;&#20048;&#35266;&#13;
                                </div>&#13;
                                <div class=""list_info_info"">&#13;
                                    <p>&#13;
	2013&#24180;9&#26376;&#65297;&#65300;&#26085;&#65292;&#20013;&#21326;&#21307;&#23398;&#20250;&#32769;&#24180;&#21307;&#23398;&#20998;&#20250;&#22312;&#33487;&#24030;&#21457;&#24067;&#26032;&#8220;&#32769;&#24180;&#20154;&#20581;&#24247;&#26631;&#20934;&#8221;&#35748;&#20026;&#65292;&#26080;&#37325;&#22823;&#30142;&#30149;&#12289;&#33258;&#25105;&#35780;&#20215;&#33391;&#22909;&#12289;&#31215;&#26497;&#21442;&#19982;&#27963;&#21160;&#12289;&#29983;&#27963;&#33021;&#33258;&#29702;&#19988;&#35268;&#24459;&#23601;&#21487;&#31639;&#26159;&#20581;&#24247;&#30340;&#32769;&#20154;&#12290;</p>&#13;
<p>&#13;
	&#26681;&#25454;&#35813;&#23398;&#20250;&#25552;&#20513;&#30340;&#26032;&#26631;&#20934;&#65292;&#32769;&#24180;&#20154;&#20581;&#24247;&#24212;&#26356;&#21152;&#31361;&#20986;&#24515;&#29702;&#20581;&#24247;&#20869;&#28085;&#65292;&#32780;&#19981;&#21333;&#32431;&#20687;&#36807;&#21435;&#37027;&#26679;&#24378;&#35843;&#27809;&#26377;&#30142;&#30149;&#12290;&#22240;&#27492;&#65292;&#26032;&#30340;&#32769;&#24180;&#20154;&#20581;&#24247;&#35201;&#27714;&#21487;&#20197;&#24402;&#32435;&#20026;&#20116;&#39033;&#65306;</p>&#13;
<p>&#13;
	&#19968;&#12289;&#37325;&#35201;&#33039;&#22120;&#30340;&#22686;&#40836;&#24615;&#25913;&#21464;&#26410;&#23548;&#33268;&#21151;&#33021;&#24322;&#24120;&#65292;&#26080;&#37325;&#22823;&#30142;&#30149;&#12290;&#30456;&#20851;&#39640;&#21361;&#22240;&#32032;&#65288;&#20027;&#35201;&#26377;&#39640;&#34880;&#21387;&#12289;&#31958;&#23615;&#30149;&#12289;&#34880;&#33026;&#32010;&#20081;&#65289;&#25511;&#21046;&#22312;&#19982;&#20854;&#24180;&#40836;&#30456;&#36866;&#24212;&#30340;&#36798;&#26631;&#33539;&#22260;&#20869;&#65292;&#20855;&#26377;&#19968;&#23450;&#30340;&#25239;&#30149;&#33021;&#21147;&#12290;</p>&#13;
<p>&#13;
	&#20108;&#12289;&#35748;&#30693;&#21151;&#33021;&#22522;&#26412;&#27491;&#24120;&#65292;&#33021;&#36866;&#24212;&#29615;&#22659;&#65292;&#22788;&#20107;&#20048;&#35266;&#31215;&#26497;&#65292;&#33258;&#25105;&#28385;&#24847;&#25110;&#33258;&#25105;&#35780;&#20215;&#22909;&#12290;</p>&#13;
<p>&#13;
	&#19977;&#12289;&#33021;&#24688;&#24403;&#22788;&#29702;&#23478;&#24237;&#21644;&#31038;&#20250;&#20154;&#38469;&#20851;&#31995;&#65292;&#31215;&#26497;&#21442;&#19982;&#23478;&#24237;&#21644;&#31038;&#20250;&#27963;&#21160;&#12290;</p>&#13;
<p>&#13;
	&#22235;&#12289;&#26085;&#24120;&#29983;&#27963;&#12289;&#27963;&#21160;&#27491;&#24120;&#65292;&#29983;&#27963;&#33258;&#29702;&#25110;&#22522;&#26412;&#33258;&#29702;&#12290;</p>&#13;
<p>&#13;
	&#20116;&#12289;&#33829;&#20859;&#29366;&#20917;&#33391;&#22909;&#65292;&#20307;&#37325;&#36866;&#20013;&#65292;&#20445;&#25345;&#33391;&#22909;&#29983;&#27963;&#26041;&#24335;&#65288;&#19981;&#21560;&#28895;&#65292;&#24910;&#39278;&#37202;&#65292;&#21512;&#29702;&#33203;&#39135;&#25645;&#37197;&#65292;&#22362;&#25345;&#31185;&#23398;&#38203;&#28860;&#65289;&#12290;</p>&#13;
<p>&#13;
	&#27492;&#22806;&#65292;&#26032;&#26631;&#20934;&#36824;&#32435;&#20837;&#20102;&#32769;&#20154;&#30340;&#8220;&#33258;&#25105;&#28385;&#24847;&#24230;&#8221;&#65292;&#24378;&#35843;&#31215;&#26497;&#32769;&#40836;&#21270;&#30340;&#27010;&#24565;&#65292;&#40723;&#21169;&#32769;&#24180;&#20154;&#31215;&#26497;&#21442;&#19982;&#31038;&#20250;&#27963;&#21160;&#65292;&#31215;&#26497;&#34701;&#20837;&#23478;&#24237;&#21644;&#31038;&#20250;&#65292;&#20513;&#23548;&#32769;&#24180;&#20154;&#20859;&#25104;&#20581;&#24247;&#30340;&#29983;&#27963;&#20064;&#24815;&#65292;&#31215;&#26497;&#39044;&#38450;&#30142;&#30149;&#12290;</p>&#13;
<p>&#13;
	&#20294;&#26159;&#65292;&#23613;&#31649;&#26032;&#26631;&#20934;&#20943;&#20302;&#20102;&#23545;&#36523;&#20307;&#30142;&#30149;&#26041;&#38754;&#30340;&#35201;&#27714;&#65292;&#33021;&#31526;&#21512;&#26032;&#26631;&#20934;&#30340;&#32769;&#24180;&#20154;&#21364;&#20173;&#28982;&#19981;&#22810;&#12290;&#26377;&#20851;&#19987;&#23478;&#20110;&#20170;&#24180;&#65298;&#26376;&#33267;&#65301;&#26376;&#23545;&#33487;&#24030;&#22993;&#33487;&#21306;&#21644;&#21556;&#27743;&#21306;&#30340;&#35843;&#26597;&#21457;&#29616;&#65292;&#31526;&#21512;&#26631;&#20934;&#30340;&#32769;&#24180;&#20154;&#20165;&#26377;&#65299;&#12290;&#65302;&#65285;&#12290;</p>&#13;
<p>&#13;
	&#65288;&#26469;&#28304;&#65306;&#26032;&#21326;&#32593;&#65289;</p>&#13;
                                </div>&#13;
                                <div style=""font-size:12px;text-align:right;"">&#21457;&#24067;&#26102;&#38388;&#65306;&#12304;2013-9-17&#12305;</div>&#13;
                            </div>&#13;
                            "
﻿学会善待自己，从十种心境开始,"<div class=""list_info_"">&#13;
                                <div class=""list_info_title"">&#13;
                                    &#23398;&#20250;&#21892;&#24453;&#33258;&#24049;&#65292;&#20174;&#21313;&#31181;&#24515;&#22659;&#24320;&#22987;&#13;
                                </div>&#13;
                                <div class=""list_info_info"">&#13;
                                    <p>&#13;
	<strong>&#31532;&#19968;&#65306;&#23398;&#20250;&#35753;&#33258;&#24049;&#23433;&#38745;&#12290;</strong></p>&#13;
<p>&#13;
	&#25226;&#24605;&#32500;&#27785;&#28024;&#19979;&#26469;&#65292;&#24930;&#24930;&#38477;&#20302;&#23545;&#20107;&#29289;&#30340;&#27442;&#26395;&#12290;&#25226;&#33258;&#25105;&#32463;&#24120;&#24402;&#38646;&#65292;&#27599;&#22825;&#37117;&#26159;&#26032;&#30340;&#36215;&#28857;&#65292;&#27809;&#26377;&#24180;&#40836;&#30340;&#38480;&#21046;&#65292;&#21482;&#35201;&#20320;&#23545;&#20107;&#29289;&#30340;&#27442;&#26395;&#36866;&#24403;&#30340;&#38477;&#20302;&#65292;&#20250;&#36194;&#24471;&#26356;&#22810;&#30340;&#27714;&#32988;&#26426;&#20250;&#12290;(&#25152;&#35859;&#36864;&#19968;&#27493;&#33258;&#28982;&#23485;.)<br />&#13;
	<br />&#13;
	<strong>&#160;&#160;&#160;&#160;&#160;&#160;&#160; &#31532;&#20108;&#65306;&#23398;&#20250;&#20851;&#29233;&#33258;&#24049;&#12290;</strong><br />&#13;
	<br />&#13;
	&#160;&#160;&#160;&#160;&#160;&#160;&#160; &#21482;&#26377;&#22810;&#20851;&#29233;&#33258;&#24049;&#65292;&#25165;&#33021;&#26377;&#26356;&#22810;&#30340;&#33021;&#37327;&#21435;&#20851;&#29233;&#20182;&#20154;&#65292;&#22914;&#26524;&#20320;&#26377;&#36275;&#22815;&#30340;&#33021;&#21147;&#65292;&#23601;&#35201;&#23613;&#37327;&#24110;&#21161;&#20320;&#33021;&#24110;&#21161;&#30340;&#20154;&#65292;&#37027;&#26679;&#20320;&#24471;&#21040;&#30340;&#23601;&#26159;&#20960;&#20221;&#24555;&#20048;&#65292;&#22810;&#24110;&#21161;&#20182;&#20154;&#65292;&#21892;&#24453;&#33258;&#24049;&#65292;&#20063;&#26159;&#19968;&#31181;&#20943;&#21387;&#30340;&#26041;&#24335;&#12290;<br />&#13;
	<br />&#13;
	<strong>&#160;&#160;&#160;&#160;&#160;&#160;&#160; &#31532;&#19977;&#65306;&#25918;&#26494;&#24515;&#24773;&#12290;</strong><br />&#13;
	<br />&#13;
	&#160;&#160;&#160;&#160;&#160;&#160;&#160; &#36935;&#21040;&#24515;&#24773;&#28902;&#36481;&#30340;&#24773;&#20917;&#30340;&#26102;&#20505;&#65292;&#20320;&#21917;&#19968;&#26479;&#30333;&#27700;&#65292;&#25918;&#19968;&#26354;&#33298;&#32531;&#30340;&#36731;&#38899;&#20048;&#65292;&#38381;&#30524;&#65292;&#22238;&#21619;&#36523;&#36793;&#30340;&#20154;&#19982;&#20107;&#65292;&#23545;&#26032;&#30340;&#26410;&#26469;&#21487;&#20197;&#24930;&#24930;&#30340;&#26803;&#29702;&#65292;&#21363;&#26159;&#19968;&#31181;&#20241;&#24687;&#20063;&#26159;&#19968;&#31181;&#20919;&#38745;&#30340;&#21069;&#36827;&#24605;&#32771;&#12290;<br />&#13;
	<br />&#13;
	<strong>&#160;&#160;&#160;&#160;&#160;&#160;&#160; &#31532;&#22235;&#65306;&#22810;&#21644;&#33258;&#24049;&#31454;&#20105;&#12290;</strong><br />&#13;
	<br />&#13;
	&#160;&#160;&#160;&#160;&#160;&#160;&#160; &#27809;&#26377;&#24517;&#35201;&#23241;&#22930;&#21035;&#20154;&#65292;&#20063;&#27809;&#24517;&#35201;&#32673;&#24917;&#21035;&#20154;&#12290;&#24456;&#22810;&#20154;&#37117;&#26159;&#30001;&#20110;&#32673;&#24917;&#21035;&#20154;&#65292;&#32780;&#22987;&#32456;&#25226;&#33258;&#24049;&#24403;&#25104;&#26049;&#35266;&#32773;&#65292;&#36234;&#26159;&#36825;&#26679;&#65292;&#36234;&#26159;&#20250;&#25226;&#33258;&#24049;&#25481;&#36827;&#19968;&#20010;&#28145;&#28170;&#12290;&#20320;&#35201;&#30456;&#20449;&#65292;&#21482;&#35201;&#20320;&#21435;&#20570;&#65292;&#20320;&#20063;&#21487;&#20197;&#30340;&#12290;&#20026;&#33258;&#24049;&#30340;&#27599;&#19968;&#27425;&#36827;&#27493;&#32780;&#24320;&#24515;(&#20107;&#26159;&#19981;&#20998;&#22823;&#19982;&#23567;&#30340;&#65292;&#22797;&#26434;&#30340;&#20107;&#24773;&#31616;&#21333;&#20570;&#65292;&#31616;&#21333;&#30340;&#20107;&#24773;&#35748;&#30495;&#20570;&#65292;&#35748;&#30495;&#30340;&#20107;&#24773;&#21453;&#22797;&#20570;&#65292;&#20105;&#21462;&#20570;&#21040;&#26368;&#22909;)<br />&#13;
	<br />&#13;
	<strong>&#160;&#160;&#160;&#160;&#160;&#160;&#160; &#31532;&#20116;&#65306;&#24191;&#27867;&#38405;&#35835;&#12290;</strong><br />&#13;
	<br />&#13;
	&#160;&#160;&#160;&#160;&#160;&#160;&#160; &#38405;&#35835;&#23454;&#38469;&#23601;&#26159;&#19968;&#20010;&#21560;&#25910;&#20859;&#26009;&#30340;&#36807;&#31243;&#29616;&#20195;&#20154;&#38754;&#20020;&#28608;&#28872;&#30340;&#31454;&#20105;&#65292;&#22797;&#26434;&#30340;&#20154;&#38469;&#20851;&#31995;&#65292;&#20026;&#20102;&#35753;&#33258;&#24049;&#19981;&#33267;&#20110;&#22312;&#26576;&#20123;&#22330;&#21512;&#23604;&#23596;&#65292;&#21487;&#20197;&#36827;&#34892;&#24191;&#27867;&#30340;&#38405;&#35835;&#65292;&#35753;&#33258;&#24049;&#30340;&#22836;&#33041;&#20805;&#23454;&#20063;&#26159;&#19968;&#31181;&#20943;&#21387;&#30340;&#26041;&#24335;&#65292;&#20154;&#26377;&#26102;&#20505;&#26159;&#36825;&#26679;&#30340;&#65292;&#32922;&#23376;&#37324;&#31354;&#31354;&#30340;&#26102;&#20505;&#20250;&#33258;&#28982;&#30340;&#28966;&#24613;&#65292;&#36825;&#23601;&#23545;&#20102;&#65292;&#27491;&#26159;&#20320;&#30340;&#27714;&#30693;&#27442;&#22312;&#21628;&#21898;&#20320;&#65292;&#35201;&#27963;&#30528;&#23601;&#38656;&#35201;&#36825;&#26679;&#30340;&#20859;&#20998;&#12290;<br />&#13;
	<br />&#13;
	<strong>&#160;&#160;&#160;&#160;&#160;&#160;&#160; &#31532;&#20845;&#65306;&#23545;&#33258;&#24049;&#26377;&#20449;&#24515;&#12290;</strong><br />&#13;
	<br />&#13;
	&#160;&#160;&#160;&#160;&#160;&#160; &#19981;&#35770;&#22312;&#20219;&#20309;&#26465;&#20214;&#19979;&#65292;&#33258;&#24049;&#19981;&#33021;&#30475;&#19981;&#36215;&#33258;&#24049;&#65292;&#21738;&#24597;&#20840;&#19990;&#30028;&#37117;&#19981;&#30456;&#20449;&#20320;&#65292;&#30475;&#19981;&#36215;&#20320;&#65292;&#20320;&#19968;&#23450;&#35201;&#30456;&#20449;&#20320;&#33258;&#24049;&#65292;&#22240;&#20026;&#25105;&#30456;&#20449;&#19968;&#21477;&#35805;&#65292;&#22914;&#26524;&#20320;&#21916;&#27426;&#19978;&#20102;&#20320;&#33258;&#24049;&#65292;&#37027;&#20040;&#23601;&#20250;&#26377;&#26356;&#22810;&#30340;&#20154;&#21916;&#27426;&#20320;&#65292;&#22914;&#26524;&#20320;&#24819;&#33258;&#24049;&#26159;&#20160;&#20040;&#26679;&#30340;&#20154;&#65292;&#21482;&#35201;&#20320;&#24819;&#65292;&#21162;&#21147;&#21435;&#23454;&#29616;&#65292;&#23601;&#20250;&#30340;!&#65288;&#24456;&#22810;&#20154;&#20026;&#20160;&#20040;&#27809;&#23454;&#29616;&#65292;&#23601;&#26159;&#27809;&#27589;&#21147;&#65289;<br />&#13;
	<br />&#13;
	<strong>&#160;&#160;&#160;&#160;&#160;&#160;&#160; &#31532;&#19971;&#65306;&#23398;&#20250;&#35843;&#25972;&#24773;&#32490;&#12290;</strong><br />&#13;
	<br />&#13;
	&#160;&#160;&#160;&#160;&#160;&#160;&#160; &#23613;&#37327;&#24448;&#22909;&#22788;&#24819;&#65292;&#24456;&#22810;&#20154;&#36935;&#21040;&#19968;&#20123;&#20107;&#24773;&#30340;&#26102;&#20505;&#65292;&#23601;&#24613;&#30340;&#35937;&#28909;&#38149;&#19978;&#30340;&#34434;&#34433;&#65292;&#26412;&#26469;&#21487;&#20197;&#24456;&#22909;&#35299;&#20915;&#30340;&#38382;&#39064;&#65292;&#27491;&#26159;&#22240;&#20026;&#24773;&#32490;&#30340;&#25226;&#25569;&#19981;&#22909;&#65292;&#35753;&#31616;&#21333;&#30340;&#20107;&#24773;&#22797;&#26434;&#21270;&#65292;&#35753;&#22797;&#26434;&#30340;&#20107;&#24773;&#26356;&#38590;&#12290;&#20854;&#23454;&#21482;&#35201;&#25226;&#25569;&#22909;&#20107;&#24773;&#30340;&#20851;&#38190;&#65292;&#25226;&#27599;&#20010;&#32454;&#33410;&#22788;&#29702;&#30340;&#24471;&#36148;&#23601;&#20250;&#28216;&#20995;&#26377;&#20313;&#12290;&#36935;&#21040;&#26840;&#25163;&#30340;&#20107;&#24773;&#65292;&#20919;&#38745;&#28857;&#65292;&#28982;&#21518;&#24819;&#22914;&#20309;&#25165;&#33021;&#25226;&#23427;&#20570;&#22909;&#65292;&#20320;&#36234;&#24448;&#22909;&#22788;&#24819;&#65292;&#24515;&#23601;&#36234;&#24320;&#65292;&#36234;&#24448;&#22351;&#22788;&#24819;&#65292;&#24515;&#23601;&#36234;&#31364;&#65281;<br />&#13;
	<br />&#13;
	<strong>&#160;&#160;&#160;&#160;&#160;&#160;&#160; &#31532;&#20843;&#65306;&#29645;&#24796;&#36523;&#36793;&#30340;&#20154;&#12290;</strong><br />&#13;
	<br />&#13;
	&#160;&#160;&#160;&#160;&#160;&#160;&#160; &#29992;&#35821;&#26041;&#38754;&#23613;&#37327;&#19981;&#20260;&#23475;&#65292;&#21738;&#24597;&#36935;&#21040;&#20320;&#19981;&#21916;&#27426;&#30340;&#20154;&#65292;&#20320;&#23613;&#37327;&#36802;&#22238;&#65292;&#25214;&#29702;&#30001;&#31163;&#24320;&#20063;&#19981;&#35201;&#32902;&#24847;&#20260;&#23475;&#65292;&#36825;&#26679;&#19981;&#20165;&#35753;&#33258;&#24049;&#24515;&#24773;&#22826;&#22351;&#65292;&#20063;&#35753;&#22330;&#38754;&#26356;&#23604;&#23596;&#12290;&#29645;&#24796;&#29616;&#22312;&#36523;&#36793;&#30340;&#19968;&#20999;&#12290;<br />&#13;
	<br />&#13;
	<strong>&#160;&#160;&#160;&#160;&#160;&#160;&#160; &#31532;&#20061;&#65306;&#28909;&#29233;&#29983;&#21629;&#12290;</strong><br />&#13;
	<br />&#13;
	&#160;&#160;&#160;&#160;&#160;&#160;&#160; &#27599;&#22825;&#21560;&#25910;&#26032;&#30340;&#20859;&#26009;&#65292;&#27599;&#22825;&#35201;&#26377;&#19981;&#21516;&#30340;&#24605;&#32500;&#12290;&#22810;&#23398;&#20250;&#25442;&#20301;&#24605;&#32771;&#65292;&#23613;&#37327;&#25214;&#26032;&#30340;&#20107;&#29289;&#28385;&#36275;&#23545;&#19990;&#30028;&#30340;&#26032;&#22855;&#24863;&#65292;&#31070;&#31192;&#24863;&#12290;<br />&#13;
	<br />&#13;
	<strong>&#160;&#160;&#160;&#160;&#160;&#160;&#160; &#31532;&#21313;&#65306;&#20184;&#20986;&#30495;&#24515;&#21644;&#30495;&#29233;&#12290;</strong><br />&#13;
	<br />&#13;
	&#160;&#160;&#160;&#160;&#160;&#160;&#160; &#21482;&#26377;&#29992;&#30495;&#24515;&#65292;&#29992;&#29233;&#65292;&#29992;&#20154;&#26684;&#21435;&#38754;&#23545;&#20320;&#30340;&#29983;&#27963;&#65292;&#20320;&#30340;&#20154;&#29983;&#25165;&#20250;&#31934;&#24425;&#65281;</p>&#13;
                                </div>&#13;
                                <div style=""font-size:12px;text-align:right;"">&#21457;&#24067;&#26102;&#38388;&#65306;&#12304;2013-6-21&#12305;</div>&#13;
                            </div>&#13;
                            "
﻿戒烟四大心理禁忌,"<div class=""list_info_"">&#13;
                                <div class=""list_info_title"">&#13;
                                    &#25106;&#28895;&#22235;&#22823;&#24515;&#29702;&#31105;&#24524;&#13;
                                </div>&#13;
                                <div class=""list_info_info"">&#13;
                                    <p>&#13;
	&#25106;&#28895;&#26159;&#19968;&#20214;&#38590;&#20107;&#65292;&#24403;&#28982;&#19981;&#33021;&#19968;&#36468;&#32780;&#23601;&#12290;&#24515;&#29702;&#19987;&#23478;&#25552;&#37266;&#65292;&#25106;&#28895;&#26377;&#22235;&#22823;&#24515;&#29702;&#31105;&#24524;&#65306;</p>&#13;
<p>&#13;
	1.&#23545;&#25106;&#28895;&#19981;&#20316;&#20805;&#20998;&#30340;&#24605;&#24819;&#20934;&#22791;&#21644;&#29289;&#36136;&#20934;&#22791;&#65292;&#24515;&#34880;&#26469;&#28526;&#33324;&#22320;&#24819;&#21040;&#25106;&#28895;&#23601;&#24320;&#22987;&#12290;&#36825;&#26159;&#19968;&#31181;&#36731;&#25932;&#24605;&#24819;&#65292;&#22312;&#36825;&#31181;&#24773;&#20917;&#19979;&#25106;&#28895;&#65292;&#21313;&#20043;&#20843;&#20061;&#35201;&#22833;&#36133;&#12290;&#23545;&#22823;&#22810;&#25968;&#28895;&#27665;&#26469;&#35828;&#65292;&#25106;&#28895;&#38656;&#35201;&#26377;&#20805;&#20998;&#30340;&#24605;&#24819;&#20934;&#22791;&#65292;&#21046;&#35746;&#35814;&#32454;&#30340;&#25106;&#28895;&#31574;&#30053;&#21644;&#35745;&#21010;&#12290;&#24212;&#35813;&#21521;&#25106;&#28895;&#25104;&#21151;&#32773;&#21462;&#21462;&#32463;&#65292;&#24182;&#37319;&#32435;&#36866;&#21512;&#20110;&#33258;&#24049;&#30340;&#25106;&#28895;&#26041;&#27861;&#12290;</p>&#13;
<p>&#13;
	2.&#27809;&#25630;&#28165;&#33258;&#24049;&#21560;&#28895;&#30340;&#30495;&#27491;&#21407;&#22240;&#12290;&#27599;&#20010;&#28895;&#27665;&#37117;&#26377;&#20419;&#20351;&#33258;&#24049;&#21560;&#28895;&#30340;&#21407;&#22240;&#65292;&#26377;&#30340;&#20986;&#20110;&#31038;&#20132;&#30340;&#38656;&#35201;&#65292;&#26377;&#30340;&#20026;&#20102;&#20943;&#36731;&#24515;&#29702;&#21387;&#21147;&#65292;&#26377;&#30340;&#21017;&#20026;&#20102;&#36861;&#27714;&#26102;&#39654;&#12290;&#19968;&#26086;&#20320;&#26126;&#30333;&#20102;&#33258;&#24049;&#20026;&#20160;&#20040;&#35201;&#28857;&#29123;&#39321;&#28895;&#26102;&#65292;&#20320;&#23601;&#20250;&#21435;&#23547;&#25214;&#20854;&#20182;&#26080;&#21361;&#23475;&#30340;&#26041;&#27861;&#65292;&#26469;&#20195;&#26367;&#39321;&#28895;&#12290;</p>&#13;
<p>&#13;
	3.&#8220;&#25105;&#23601;&#21560;&#36825;&#19968;&#25903;&#8221;&#65292;&#36825;&#26159;&#25106;&#28895;&#21322;&#36884;&#32780;&#24223;&#30340;&#20027;&#35201;&#21407;&#22240;&#12290;&#23545;&#22823;&#22810;&#25968;&#20154;&#26469;&#35828;&#65292;&#21363;&#20351;&#24050;&#32463;&#20960;&#20010;&#26143;&#26399;&#27809;&#21560;&#28895;&#20102;&#65292;&#20294;&#20173;&#19981;&#33021;&#35828;&#25106;&#28895;&#25104;&#21151;&#12290;&#27492;&#26102;&#65292;&#21482;&#35201;&#28857;&#29123;&#19968;&#25903;&#28895;&#65292;&#20197;&#21069;&#25152;&#20570;&#30340;&#19968;&#20999;&#23601;&#20250;&#21270;&#20026;&#20044;&#26377;&#12290;&#36825;&#31181;&#8220;&#25105;&#23601;&#21560;&#36825;&#19968;&#25903;&#8221;&#30340;&#21361;&#38505;&#24819;&#27861;&#65292;&#22312;&#24773;&#32490;&#20302;&#33853;&#21644;&#26080;&#25152;&#20107;&#20107;&#26102;&#29305;&#21035;&#23481;&#26131;&#20135;&#29983;&#12290;</p>&#13;
<p>&#13;
	4.&#26377;&#20123;&#28895;&#27665;&#24597;&#25106;&#28895;&#22833;&#36133;&#32780;&#34987;&#20154;&#21462;&#31505;&#65292;&#19981;&#25954;&#20844;&#24320;&#23459;&#21578;&#33258;&#24049;&#35201;&#25106;&#28895;&#65292;&#21482;&#26159;&#26263;&#26263;&#19979;&#20915;&#24515;&#25106;&#28895;&#12290;&#36825;&#23601;&#38519;&#20837;&#20102;&#23396;&#20891;&#20316;&#25112;&#30340;&#22659;&#22320;&#65292;&#24456;&#38590;&#25106;&#28895;&#25104;&#21151;&#12290;&#25152;&#20197;&#65292;&#25106;&#28895;&#26102;&#24212;&#22823;&#32966;&#22320;&#20105;&#21462;&#23478;&#20154;&#12289;&#21516;&#20107;&#12289;&#26379;&#21451;&#30340;&#24110;&#21161;&#21644;&#25903;&#25345;&#12290;</p>&#13;
<p>&#13;
	&#160;</p>&#13;
<p>&#13;
	&#65288;&#26469;&#28304;&#65306;&#20013;&#22269;&#25511;&#21046;&#21560;&#28895;&#21327;&#20250;&#65289;</p>&#13;
                                </div>&#13;
                                <div style=""font-size:12px;text-align:right;"">&#21457;&#24067;&#26102;&#38388;&#65306;&#12304;2013-10-9&#12305;</div>&#13;
                            </div>&#13;
                            "
